{"cameraMode":{"drawMode":0,"name":"Shaded","section":"Shading Mode"},"sceneLighting":true,"audioPlay":false,"sceneViewState":{"m_AlwaysRefresh":false,"showFog":true,"showSkybox":true,"showFlares":true,"showImageEffects":true,"showParticleSystems":true,"showVisualEffectGraphs":true,"m_FxEnabled":true},"in2DMode":false,"pivot":{"x":-6.858068466186523,"y":2.7195963859558107,"z":7.796323299407959},"rotation":{"x":-0.11031188070774079,"y":0.25261473655700686,"z":-0.029001688584685327,"w":-0.9608168601989746},"size":12.12435531616211,"orthographic":false}