{"cameraMode":{"drawMode":0,"name":"Shaded","section":"Shading Mode"},"sceneLighting":false,"audioPlay":false,"sceneViewState":{"m_AlwaysRefresh":false,"showFog":true,"showSkybox":false,"showFlares":true,"showImageEffects":true,"showParticleSystems":true,"showVisualEffectGraphs":true,"m_FxEnabled":true},"in2DMode":false,"pivot":{"x":-6.778434753417969,"y":3.5389461517333986,"z":2.3194143772125246},"rotation":{"x":0.00029658505809493363,"y":0.9861730337142944,"z":-0.16573208570480348,"w":0.0017723420169204474},"size":5.2440924644470219,"orthographic":false}